{
  "train_primes": [
    2,
    3,
    5,
    7,
    11,
    13,
    17,
    19,
    23,
    29,
    31,
    37,
    41,
    43,
    47,
    53,
    59
  ],
  "test_primes": [
    61,
    67,
    71,
    73,
    79
  ],
  "epochs": 500,
  "batch_size": 4,
  "lr": 0.001,
  "hidden": 64,
  "cheb_order": 5,
  "hops": 3,
  "max_nodes": 500000,
  "best_train_loss": 0.011500564650358522,
  "final_train_r2": -0.042387496625754695,
  "final_test_r2": -38.71601280735047
}