{
  "spacing_distribution": {
    "label": "All",
    "N": 564606,
    "mean": 1.1584637761019556,
    "std": 0.7428746035440783,
    "median": 1.0510917545206744,
    "ks_goe_stat": 0.08022325952130177,
    "ks_goe_p": 0.0,
    "ks_gue_stat": 0.11409947360319339,
    "ks_gue_p": 0.0,
    "best_fit": "GOE"
  },
  "spacing_d1": {
    "label": "dim=1",
    "N": 301662,
    "mean": 1.0903646739030786,
    "std": 0.4173686226175713,
    "median": 1.0591871966910773,
    "ks_goe_stat": 0.14185974857759123,
    "ks_goe_p": 0.0,
    "ks_gue_stat": 0.09339667300452004,
    "ks_gue_p": 0.0,
    "best_fit": "GUE"
  },
  "spacing_d2": {
    "label": "dim>=2",
    "N": 262944,
    "mean": 1.2365903405701226,
    "std": 0.9867701291503331,
    "median": 1.0285572721017742,
    "ks_goe_stat": 0.16450590808687848,
    "ks_goe_p": 0.0,
    "ks_gue_stat": 0.20812029338760185,
    "ks_gue_p": 0.0,
    "best_fit": "GOE"
  },
  "spacing_r0": {
    "label": "rank=0",
    "N": 275741,
    "mean": 1.1808209491690658,
    "std": 0.7767524883998413,
    "median": 1.0579955918169965,
    "ks_goe_stat": 0.08578533360961704,
    "ks_goe_p": 0.0,
    "ks_gue_stat": 0.12723469563692813,
    "ks_gue_p": 0.0,
    "best_fit": "GOE"
  },
  "spacing_r1": {
    "label": "rank=1",
    "N": 278334,
    "mean": 1.1385814550212399,
    "std": 0.7165910829880692,
    "median": 1.043423667468856,
    "ks_goe_stat": 0.07540651090948158,
    "ks_goe_p": 0.0,
    "ks_gue_stat": 0.10400261976746794,
    "ks_gue_p": 0.0,
    "best_fit": "GOE"
  },
  "ratio_distribution": {
    "label": "All",
    "N": 478839,
    "mean": 1.3781544524036795,
    "std": 1.5004449880507942,
    "ks_goe_stat": 0.040355890136481554,
    "ks_gue_stat": 0.07926526944046636,
    "best_fit": "GOE"
  },
  "ratio_d1": {
    "label": "dim=1",
    "N": 266686,
    "mean": 1.1757060345149772,
    "std": 0.9073579815867997,
    "ks_goe_stat": 0.09746405493092936,
    "ks_gue_stat": 0.05478791790077564,
    "best_fit": "GUE"
  },
  "ratio_d2": {
    "label": "dim>=2",
    "N": 212153,
    "mean": 1.6326413499402048,
    "std": 1.9824626952773445,
    "ks_goe_stat": 0.13912739865907178,
    "ks_gue_stat": 0.19743337949222983,
    "best_fit": "GOE"
  },
  "spacing_k1": {
    "label": "k=1",
    "N": 564606,
    "mean": 1.1584637761019556,
    "std": 0.7428746035440783,
    "median": 1.0510917545206744,
    "ks_goe_stat": 0.08022325952130177,
    "ks_goe_p": 0.0,
    "ks_gue_stat": 0.11409947360319339,
    "ks_gue_p": 0.0,
    "best_fit": "GOE"
  },
  "spacing_k2": {
    "label": "k=2",
    "N": 239382,
    "mean": 0.8553940029482392,
    "std": 0.8927901851717377,
    "median": 0.6041912781617947,
    "ks_goe_stat": 0.25178109477439087,
    "ks_goe_p": 0.0,
    "ks_gue_stat": 0.3199169644668004,
    "ks_gue_p": 0.0,
    "best_fit": "GOE"
  },
  "spacing_k3": {
    "label": "k=3",
    "N": 227757,
    "mean": 1.464823269034493,
    "std": 1.1956493749566455,
    "median": 1.1674090397152992,
    "ks_goe_stat": 0.23308285741618073,
    "ks_goe_p": 0.0,
    "ks_gue_stat": 0.27509247841043605,
    "ks_gue_p": 0.0,
    "best_fit": "GOE"
  },
  "spacing_k4": {
    "label": "k=4",
    "N": 181598,
    "mean": 2.6510698396937022,
    "std": 2.171255887284711,
    "median": 2.085292551852796,
    "ks_goe_stat": 0.4795647813926035,
    "ks_goe_p": 0.0,
    "ks_gue_stat": 0.5178574301924925,
    "ks_gue_p": 0.0,
    "best_fit": "GOE"
  },
  "spacing_k5": {
    "label": "k=5",
    "N": 125980,
    "mean": 3.742172633199035,
    "std": 2.5888483227302723,
    "median": 3.310375193210949,
    "ks_goe_stat": 0.6413760183151589,
    "ks_goe_p": 0.0,
    "ks_gue_stat": 0.6741457382700956,
    "ks_gue_p": 0.0,
    "best_fit": "GOE"
  },
  "number_variance": {
    "L_vals": [
      0.5,
      0.7391304347826086,
      0.9782608695652174,
      1.2173913043478262,
      1.4565217391304348,
      1.6956521739130435,
      1.9347826086956523,
      2.1739130434782608,
      2.4130434782608696,
      2.6521739130434785,
      2.891304347826087,
      3.130434782608696,
      3.3695652173913047,
      3.608695652173913,
      3.847826086956522,
      4.086956521739131,
      4.326086956521739,
      4.565217391304348,
      4.804347826086957,
      5.043478260869565,
      5.282608695652174,
      5.521739130434783,
      5.760869565217392,
      6.0
    ],
    "Sigma2_observed": [
      0.2615856516482156,
      0.3592048907446838,
      0.4521604584022428,
      0.554685941558946,
      0.6476608828800138,
      0.750462079439165,
      0.8641657442050944,
      0.990517490840962,
      1.101254062826208,
      1.2183371556050955,
      1.3548155696095716,
      1.4940481706485391,
      1.648548353802472,
      1.789376653883875,
      1.9304641694375015,
      2.0764681272706573,
      2.2595522681930738,
      2.472508384499649,
      2.6305928903963363,
      2.710791854878528,
      2.79291032020823,
      3.0115682702704274,
      3.2038879038675487,
      3.3529426759541296
    ],
    "Sigma2_GUE_ref": [
      1.2646642033426816,
      1.304267240384761,
      1.3326677672714538,
      1.3548256159630072,
      1.3729966511299307,
      1.3883991131862463,
      1.401766168002343,
      1.4135735121997546,
      1.4241473924773393,
      1.43372131657611,
      1.4424681801767392,
      1.450519584075509,
      1.4579780205387902,
      1.4649248715624978,
      1.4714258356953869,
      1.4775347158293735,
      1.4832961283018193,
      1.4887474821561884,
      1.4939204524927348,
      1.4988420955672228,
      1.503535705340389,
      1.5080214802386314,
      1.512317048454416,
      1.516437886339918
    ],
    "Sigma2_GOE_ref": [
      1.2793284066853634,
      1.358534480769522,
      1.4153355345429075,
      1.4596512319260146,
      1.4959933022598615,
      1.5267982263724929,
      1.5535323360046858,
      1.5771470243995092,
      1.5982947849546787,
      1.61744263315222,
      1.6349363603534783,
      1.651039168151018,
      1.6659560410775804,
      1.6798497431249957,
      1.6928516713907737,
      1.7050694316587467,
      1.7165922566036387,
      1.7274949643123767,
      1.7378409049854695,
      1.7476841911344456,
      1.757071410680778,
      1.7660429604772627,
      1.7746340969088317,
      1.7828757726798359
    ],
    "n_intervals": [
      1528046,
      1024982,
      768183,
      611766,
      506303,
      431735,
      376917,
      327540,
      298183,
      261809,
      245000,
      222300,
      200188,
      187534,
      178940,
      164545,
      148806,
      140508,
      135123,
      128016,
      121156,
      116599,
      112480,
      105253
    ]
  },
  "metadata": {
    "n_forms": 63844,
    "n_zeros_per_form": 10,
    "total_spacings": 574596,
    "n_d1": 34628,
    "n_d2": 29216,
    "dim_values": [
      1,
      2,
      3,
      4,
      5,
      6,
      7,
      8,
      9,
      10,
      11,
      12,
      13,
      14,
      15,
      16,
      17,
      18,
      19,
      20
    ],
    "n_r0": 30638,
    "n_r1": 31905,
    "mean_dim": 3.3271098302111395
  }
}